sequence,selection_gate,readiness_queue,next_action,required_verification,date_or_span,chapter,priority,title,source_type,repository,collection,identifier,level,confidence,compiler_risk,current_source_note,current_citation_status,source_url,digital_object_url,proposed_document_number,selection_decision,final_document_date,final_document_title,document_type,author_or_origin,recipient_or_audience,final_repository,final_collection_or_file_path,final_box_folder_or_identifier,classification_markings,draft_final_action_status,pagination,attachments_enclosures,editorial_note_needed,cross_references,declassification_or_withholding_notes,final_source_note,compiler_notes
1,Candidate for close read,Close-read now,Close-read the text and record final citation fields before deciding whether it belongs in the chronology.,owning repository; folder path; item date; author/recipient; classification markings; pagination,1996-01-26,START II Ratification,High,"Telephone call with President Boris Yeltsin of Russia, January 26, 1996",Companion site released telcon,Clinton-Russia-High-Level,Clinton Library release packet 2015-0782-M-1,2015-0782-M-1 / telcon 33,item-level review copy,High,Review copy derives from the companion page; cite the Clinton Library packet in final source notes.,"Source: Clinton Library release packet 2015-0782-M-1, 2015-0782-M-1 / telcon 33. Title: ""Telephone call with President Boris Yeltsin of Russia, January 26, 1996"". Research lead; verify item-level source details before final FRUS selection. Review copy available through the companion Clinton-Russia page; verify the final citation against the owning release packet.",Research lead; verify item-level source details before final FRUS selection.,https://www.clintonlibrary.gov/research/archives/finding-aids/declassified-documents-concerning-russian-president-boris-yeltsin,https://therealjameswilson.github.io/Clinton-Russia-High-Level/public/documents/1996-01-26-telcon-33.pdf,,,,,,,,,,,,,,,,,,,
2,Candidate for close read,Close-read now,Close-read the text and record final citation fields before deciding whether it belongs in the chronology.,owning repository; folder path; item date; author/recipient; classification markings; pagination,1993-04-04,Cooperative Threat Reduction and HEU Agreement,High,Meeting with Russian President Boris Yeltsin on Security Issues,Companion site released memcon,Clinton-Russia-High-Level,NSC Records Management PRS Files,NAID 163545404 / Document ID 9302226,item-level review copy,High,Companion review copy; final citation should use the NARA catalog item and original page range.,"Source: NSC Records Management PRS Files, NAID 163545404 / Document ID 9302226. Title: ""Meeting with Russian President Boris Yeltsin on Security Issues"". Research lead; verify item-level source details before final FRUS selection. Review copy available through the companion Clinton-Russia page; verify the final citation against the owning release packet.",Research lead; verify item-level source details before final FRUS selection.,https://catalog.archives.gov/id/163545404,https://therealjameswilson.github.io/Clinton-Russia-High-Level/public/documents/1993-04-04-clinton-yeltsin-vancouver-security-issues.pdf,,,,,,,,,,,,,,,,,,,
3,Candidate for close read,Close-read now,Close-read the text and record final citation fields before deciding whether it belongs in the chronology.,owning repository; folder path; item date; author/recipient; classification markings; pagination,1994-01-14,Cooperative Threat Reduction and HEU Agreement,High,Trilateral Meeting with President Boris Yeltsin of Russia on Security Issues,Companion site released memcon,Clinton-Russia-High-Level,Department of State FOIA candidate copy,C06694499 / F-2017-13804,item-level review copy,High,State FOIA/Drive copy needs final archival citation verification.,"Source: Department of State FOIA candidate copy, C06694499 / F-2017-13804. Title: ""Trilateral Meeting with President Boris Yeltsin of Russia on Security Issues"". Research lead; verify item-level source details before final FRUS selection. Review copy available through the companion Clinton-Russia page; verify the final citation against the owning release packet.",Research lead; verify item-level source details before final FRUS selection.,https://drive.google.com/file/d/1mA2m1fonXTwvzmbdVLzjWV7iGpBWAC1r/view,https://therealjameswilson.github.io/Clinton-Russia-High-Level/public/documents/1994-01-14-memcon-trilateral-yeltsin-kravchuk.pdf,,,,,,,,,,,,,,,,,,,
4,Candidate for close read,Close-read now,Close-read the text and record final citation fields before deciding whether it belongs in the chronology.,owning repository; folder path; item date; author/recipient; classification markings; pagination,1994-09-28,Chemical and Biological Weapons,High,Second Clinton/Yeltsin One-on-One,Companion site released memcon,Clinton-Russia-High-Level,NSC European Affairs Office,2018-1215-M / CDL item 101758,item-level review copy,High,High-value CBW item; source note should cite the Clinton Digital Library item and NAID 7585499.,"Source: NSC European Affairs Office, 2018-1215-M / CDL item 101758. Title: ""Second Clinton/Yeltsin One-on-One"". Research lead; verify item-level source details before final FRUS selection. Review copy available through the companion Clinton-Russia page; verify the final citation against the owning release packet.",Research lead; verify item-level source details before final FRUS selection.,https://clinton.presidentiallibraries.us/items/show/101758,https://therealjameswilson.github.io/Clinton-Russia-High-Level/public/documents/clinton-standalone-1994-09-28-second-one-on-one.pdf,,,,,,,,,,,,,,,,,,,
5,Candidate for close read,Close-read now,Close-read the text and record final citation fields before deciding whether it belongs in the chronology.,owning repository; folder path; item date; author/recipient; classification markings; pagination,1995-02-10,Conventional Arms and Landmines,High,PDD/NSC-34: U.S. Policy on Conventional Arms Transfer,Presidential decision directive,Clinton Presidential Library,Presidential Directives,PDD/NSC-34,published primary source,High,Core policy text; still needs supporting NSC/State/DOD implementation and arms-transfer decision records.,"Source: Clinton Presidential Library, Presidential Directives, PDD/NSC-34. Title: ""PDD/NSC-34: U.S. Policy on Conventional Arms Transfer"". Published primary source.",Published primary source.,https://www.clintonlibrary.gov/sites/default/files/documents/pdd-34.pdf,,,,,,,,,,,,,,,,,,,,
6,Candidate for close read,Close-read now,Close-read the text and record final citation fields before deciding whether it belongs in the chronology.,owning repository; folder path; item date; author/recipient; classification markings; pagination,1996-06-26,Conventional Arms and Landmines,High,PDD/NSC-48: Anti-Personnel Landmines,Presidential decision directive source path,Clinton Presidential Library,Presidential Directives,PDD/NSC-48,source-path lead,Medium,Official Clinton Library directive list confirms the policy directive; locate official document text or cite released copy before final use.,"Source: Clinton Presidential Library, Presidential Directives, PDD/NSC-48. Title: ""PDD/NSC-48: Anti-Personnel Landmines"". Source-path lead; replace with an item-level archival citation before final FRUS selection.",Source-path lead; replace with an item-level archival citation before final FRUS selection.,https://www.clintonlibrary.gov/research/presidential-directives,,,,,,,,,,,,,,,,,,,,
7,Packet screening required,Screen packet,"Screen the packet for discrete memoranda, cables, telcons, memcons, directives, or action papers.",packet page range; exact item title; item date; classification markings; attachments; final source note,1993-1996,START II Ratification,High,Declassified Documents of Robert Bell concerning START II and Non-Proliferation,Clinton Digital Library MDR,Clinton Digital Library,NSC Records Management System,2016-0048-M,packet lead,High,"Directly relevant, but packet contents still need item-level source notes.","Source: Clinton Digital Library, NSC Records Management System, 2016-0048-M. Packet title: ""Declassified Documents of Robert Bell concerning START II and Non-Proliferation"". Packet lead; exact item title, classification, and pagination pending.","Packet lead; exact item title, classification, and pagination pending.",https://clinton.presidentiallibraries.us/items/show/101140,,,,,,,,,,,,,,,,,,,,
8,Packet screening required,Screen packet,"Screen the packet for discrete memoranda, cables, telcons, memcons, directives, or action papers.",packet page range; exact item title; item date; classification markings; attachments; final source note,1994-1996,Cooperative Threat Reduction and HEU Agreement,High,Declassified Documents Concerning the Nunn-Lugar Cooperative Threat Reduction Program,Clinton Digital Library MDR,Clinton Digital Library,NSC Records Management System,2014-0644-M,packet lead,High,Direct CTR packet; item boundaries and source-note details still need review.,"Source: Clinton Digital Library, NSC Records Management System, 2014-0644-M. Packet title: ""Declassified Documents Concerning the Nunn-Lugar Cooperative Threat Reduction Program"". Packet lead; exact item title, classification, and pagination pending.","Packet lead; exact item title, classification, and pagination pending.",https://clinton.presidentiallibraries.us/items/show/49417,,,,,,,,,,,,,,,,,,,,
9,Packet screening required,Screen packet,"Screen the packet for discrete memoranda, cables, telcons, memcons, directives, or action papers.",packet page range; exact item title; item date; classification markings; attachments; final source note,1994-05-20,Regional Proliferation Cases,High,Declassified Documents concerning North Korea,Clinton Digital Library MDR,Clinton Digital Library,NSC Records Management Office,2013-0870-M,packet lead,High,Direct PC packet; verify released pages and title boundaries before final selection.,"Source: Clinton Digital Library, NSC Records Management Office, 2013-0870-M. Packet title: ""Declassified Documents concerning North Korea"". Packet lead; exact item title, classification, and pagination pending.","Packet lead; exact item title, classification, and pagination pending.",https://clinton.presidentiallibraries.us/items/show/36633,,,,,,,,,,,,,,,,,,,,
10,Packet screening required,Screen packet,"Screen the packet for discrete memoranda, cables, telcons, memcons, directives, or action papers.",packet page range; exact item title; item date; classification markings; attachments; final source note,1994,Regional Proliferation Cases,High,Declassified documents on North Korea,Clinton Digital Library MDR,Clinton Digital Library,Daniel Poneman files,2013-0865-M,packet lead,High,Direct DPRK packet; item-level review needed.,"Source: Clinton Digital Library, Daniel Poneman files, 2013-0865-M. Packet title: ""Declassified documents on North Korea"". Packet lead; exact item title, classification, and pagination pending.","Packet lead; exact item title, classification, and pagination pending.",https://clinton.presidentiallibraries.us/items/show/47978,,,,,,,,,,,,,,,,,,,,
11,Packet screening required,Screen packet,"Screen the packet for discrete memoranda, cables, telcons, memcons, directives, or action papers.",packet page range; exact item title; item date; classification markings; attachments; final source note,1995-1996,Regional Proliferation Cases,High,Declassified Documents Concerning Iran,Clinton Digital Library MDR,Clinton Digital Library,NSC Near East and South Asian Affairs / Nonproliferation offices,2015-0641-M,packet lead,Medium,Regional-balancing lead; identify the exact proliferation-policy items before selection.,"Source: Clinton Digital Library, NSC Near East and South Asian Affairs / Nonproliferation offices, 2015-0641-M. Packet title: ""Declassified Documents Concerning Iran"". Packet lead; exact item title, classification, and pagination pending.","Packet lead; exact item title, classification, and pagination pending.",https://clinton.presidentiallibraries.us/items/show/57243,,,,,,,,,,,,,,,,,,,,
12,Packet screening required,Screen packet,"Screen the packet for discrete memoranda, cables, telcons, memcons, directives, or action papers.",packet page range; exact item title; item date; classification markings; attachments; final source note,1996,Regional Proliferation Cases,Medium,Declassified documents concerning China,Clinton Digital Library MDR,Clinton Digital Library,Mandatory Declassification Review list,2016-0557-M,source-path lead,Review,MDR-list locator only; locate the item page and determine whether missile/nuclear transfer issues are present.,"Source: Clinton Digital Library, Mandatory Declassification Review list, 2016-0557-M. Title: ""Declassified documents concerning China"". Source-path lead; replace with an item-level archival citation before final FRUS selection.",Source-path lead; replace with an item-level archival citation before final FRUS selection.,https://clinton.presidentiallibraries.us/items/show/118879,,,,,,,,,,,,,,,,,,,,
13,Packet screening required,Screen packet,"Screen the packet for discrete memoranda, cables, telcons, memcons, directives, or action papers.",packet page range; exact item title; item date; classification markings; attachments; final source note,1997-04-14,Regional Proliferation Cases,Medium,Declassified documents concerning South Asia,Clinton Digital Library MDR,Clinton Digital Library,Mandatory Declassification Review list,2006-0859-M,source-path lead,Review,April 1997 Deputies Committee packet is outside the Volume VII date range; use as handoff context and a locator for earlier India/Pakistan nuclear files.,"Source: Clinton Digital Library, Mandatory Declassification Review list, 2006-0859-M. Title: ""Declassified documents concerning South Asia"". Source-path lead; replace with an item-level archival citation before final FRUS selection.",Source-path lead; replace with an item-level archival citation before final FRUS selection.,https://clinton.presidentiallibraries.us/items/show/100535,,,,,,,,,,,,,,,,,,,,
14,Packet screening required,Screen packet,"Screen the packet for discrete memoranda, cables, telcons, memcons, directives, or action papers.",packet page range; exact item title; item date; classification markings; attachments; final source note,1993-2001,Chemical and Biological Weapons,High,Elisa Harris Collection Finding Aid,Clinton Library finding aid,Clinton Digital Library,NSC Nonproliferation and Export Controls Office,2016-0158-F Segment 1,collection lead,High,No digitized items yet; requires research-room or request workflow.,"Source: Clinton Digital Library, NSC Nonproliferation and Export Controls Office, 2016-0158-F Segment 1. Collection title: ""Elisa Harris Collection Finding Aid"". Collection-level lead; exact folder, item title, classification, and pagination pending.","Collection-level lead; exact folder, item title, classification, and pagination pending.",https://clinton.presidentiallibraries.us/items/show/57270,,,,,,,,,,,,,,,,,,,,
15,Resolve file unit before selection,Resolve file unit,"Open the Catalog or Scout trail, identify item boundaries, and replace the row with an item-level document candidate.",box/folder path; item title; item date; classification markings; page range; digital-object status,,NPT and CTBT,High,Comprehensive Test Ban Treaty Statement 9/10/96,NARA Scout candidate,National Archives Catalog,,NAID 23903435,fileUnit,,,"Source: National Archives Catalog, NAID 23903435. File-unit title: ""Comprehensive Test Ban Treaty Statement 9/10/96"". File-unit lead surfaced for research triage; item-level document text, classification, date, and pagination pending.","File-unit lead surfaced for research triage; item-level document text, classification, date, and pagination pending.",https://catalog.archives.gov/id/23903435,,,,,,,,,,,,,,,,,,,,
16,Resolve file unit before selection,Resolve file unit,"Open the Catalog or Scout trail, identify item boundaries, and replace the row with an item-level document candidate.",box/folder path; item title; item date; classification markings; page range; digital-object status,,NPT and CTBT,High,Nonproliferation - NPT [Non-Proliferation Treaty],NARA Scout candidate,National Archives Catalog,,NAID 40478001,fileUnit,,,"Source: National Archives Catalog, NAID 40478001. File-unit title: ""Nonproliferation - NPT [Non-Proliferation Treaty]"". File-unit lead surfaced for research triage; item-level document text, classification, date, and pagination pending.","File-unit lead surfaced for research triage; item-level document text, classification, date, and pagination pending.",https://catalog.archives.gov/id/40478001,,,,,,,,,,,,,,,,,,,,
17,Resolve file unit before selection,Resolve file unit,"Open the Catalog or Scout trail, identify item boundaries, and replace the row with an item-level document candidate.",box/folder path; item title; item date; classification markings; page range; digital-object status,,NPT and CTBT,High,Nonproliferation - Test Ban,NARA Scout candidate,National Archives Catalog,,NAID 40478002,fileUnit,,,"Source: National Archives Catalog, NAID 40478002. File-unit title: ""Nonproliferation - Test Ban"". File-unit lead surfaced for research triage; item-level document text, classification, date, and pagination pending.","File-unit lead surfaced for research triage; item-level document text, classification, date, and pagination pending.",https://catalog.archives.gov/id/40478002,,,,,,,,,,,,,,,,,,,,
18,Resolve file unit before selection,Resolve file unit,"Open the Catalog or Scout trail, identify item boundaries, and replace the row with an item-level document candidate.",box/folder path; item title; item date; classification markings; page range; digital-object status,,NPT and CTBT,High,NPT [Non-Proliferation Treaty] - Communications,NARA Scout candidate,National Archives Catalog,,NAID 40478317,fileUnit,,,"Source: National Archives Catalog, NAID 40478317. File-unit title: ""NPT [Non-Proliferation Treaty] - Communications"". File-unit lead surfaced for research triage; item-level document text, classification, date, and pagination pending.","File-unit lead surfaced for research triage; item-level document text, classification, date, and pagination pending.",https://catalog.archives.gov/id/40478317,,,,,,,,,,,,,,,,,,,,
19,Resolve file unit before selection,Resolve file unit,"Open the Catalog or Scout trail, identify item boundaries, and replace the row with an item-level document candidate.",box/folder path; item title; item date; classification markings; page range; digital-object status,,Strategic Arms and Nuclear Security,High,PDD on Nuclear Security 9/20/95,NARA Scout candidate,National Archives Catalog,,NAID 23903161,fileUnit,,,"Source: National Archives Catalog, NAID 23903161. File-unit title: ""PDD on Nuclear Security 9/20/95"". File-unit lead surfaced for research triage; item-level document text, classification, date, and pagination pending.","File-unit lead surfaced for research triage; item-level document text, classification, date, and pagination pending.",https://catalog.archives.gov/id/23903161,,,,,,,,,,,,,,,,,,,,
20,Resolve file unit before selection,Resolve file unit,"Open the Catalog or Scout trail, identify item boundaries, and replace the row with an item-level document candidate.",box/folder path; item title; item date; classification markings; page range; digital-object status,,Strategic Arms and Nuclear Security,Review,Working Groups: [Space Cooperation and Standing Committee Nuclear Materials],NARA Scout candidate,National Archives Catalog,,NAID 235148508,fileUnit,,,"Source: National Archives Catalog, NAID 235148508. File-unit title: ""Working Groups: [Space Cooperation and Standing Committee Nuclear Materials]"". File-unit lead surfaced for research triage; item-level document text, classification, date, and pagination pending.","File-unit lead surfaced for research triage; item-level document text, classification, date, and pagination pending.",https://catalog.archives.gov/id/235148508,,,,,,,,,,,,,,,,,,,,
21,Resolve file unit before selection,Resolve file unit,"Open the Catalog or Scout trail, identify item boundaries, and replace the row with an item-level document candidate.",box/folder path; item title; item date; classification markings; page range; digital-object status,,START II Ratification,High,START II Press Statement 1/26/96,NARA Scout candidate,National Archives Catalog,,NAID 23903296,fileUnit,,,"Source: National Archives Catalog, NAID 23903296. File-unit title: ""START II Press Statement 1/26/96"". File-unit lead surfaced for research triage; item-level document text, classification, date, and pagination pending.","File-unit lead surfaced for research triage; item-level document text, classification, date, and pagination pending.",https://catalog.archives.gov/id/23903296,,,,,,,,,,,,,,,,,,,,
22,Resolve file unit before selection,Resolve file unit,"Open the Catalog or Scout trail, identify item boundaries, and replace the row with an item-level document candidate.",box/folder path; item title; item date; classification markings; page range; digital-object status,,START II Ratification,Review,CSCE [Conference on Security and Cooperation in Europe] December 1994 [3],NARA Scout candidate,National Archives Catalog,,NAID 147873133,fileUnit,,,"Source: National Archives Catalog, NAID 147873133. File-unit title: ""CSCE [Conference on Security and Cooperation in Europe] December 1994 [3]"". File-unit lead surfaced for research triage; item-level document text, classification, date, and pagination pending.","File-unit lead surfaced for research triage; item-level document text, classification, date, and pagination pending.",https://catalog.archives.gov/id/147873133,,,,,,,,,,,,,,,,,,,,
23,Resolve file unit before selection,Resolve file unit,"Open the Catalog or Scout trail, identify item boundaries, and replace the row with an item-level document candidate.",box/folder path; item title; item date; classification markings; page range; digital-object status,,Cooperative Threat Reduction and HEU Agreement,Medium,Notebooks: [Nunn Lugar Meeting],NARA Scout candidate,National Archives Catalog,NSC Records Management System,NAID 235148478,fileUnit,,,"Source: National Archives Catalog, NSC Records Management System, NAID 235148478. File-unit title: ""Notebooks: [Nunn Lugar Meeting]"". File-unit lead surfaced for research triage; item-level document text, classification, date, and pagination pending.","File-unit lead surfaced for research triage; item-level document text, classification, date, and pagination pending.",https://catalog.archives.gov/id/235148478,,,,,,,,,,,,,,,,,,,,
24,Resolve file unit before selection,Resolve file unit,"Open the Catalog or Scout trail, identify item boundaries, and replace the row with an item-level document candidate.",box/folder path; item title; item date; classification markings; page range; digital-object status,,Cooperative Threat Reduction and HEU Agreement,Review,Working Groups: [Space Cooperation and Standing Committee Nuclear Materials],NARA Scout candidate,National Archives Catalog,NSC Records Management System,NAID 235148508,fileUnit,,,"Source: National Archives Catalog, NSC Records Management System, NAID 235148508. File-unit title: ""Working Groups: [Space Cooperation and Standing Committee Nuclear Materials]"". File-unit lead surfaced for research triage; item-level document text, classification, date, and pagination pending.","File-unit lead surfaced for research triage; item-level document text, classification, date, and pagination pending.",https://catalog.archives.gov/id/235148508,,,,,,,,,,,,,,,,,,,,
25,Resolve file unit before selection,Resolve file unit,"Open the Catalog or Scout trail, identify item boundaries, and replace the row with an item-level document candidate.",box/folder path; item title; item date; classification markings; page range; digital-object status,,Nonproliferation Regimes,High,"[Anthony] Lake - Non-Proliferation Speech, [1/30/95]",NARA Scout candidate,National Archives Catalog,,NAID 40478352,fileUnit,,,"Source: National Archives Catalog, NAID 40478352. File-unit title: ""[Anthony] Lake - Non-Proliferation Speech, [1/30/95]"". File-unit lead surfaced for research triage; item-level document text, classification, date, and pagination pending.","File-unit lead surfaced for research triage; item-level document text, classification, date, and pagination pending.",https://catalog.archives.gov/id/40478352,,,,,,,,,,,,,,,,,,,,
26,Resolve file unit before selection,Resolve file unit,"Open the Catalog or Scout trail, identify item boundaries, and replace the row with an item-level document candidate.",box/folder path; item title; item date; classification markings; page range; digital-object status,,Nonproliferation Regimes,High,Non-Proliferation Treaty/Budapest,NARA Scout candidate,National Archives Catalog,,NAID 147873401,fileUnit,,,"Source: National Archives Catalog, NAID 147873401. File-unit title: ""Non-Proliferation Treaty/Budapest"". File-unit lead surfaced for research triage; item-level document text, classification, date, and pagination pending.","File-unit lead surfaced for research triage; item-level document text, classification, date, and pagination pending.",https://catalog.archives.gov/id/147873401,,,,,,,,,,,,,,,,,,,,
27,Resolve file unit before selection,Resolve file unit,"Open the Catalog or Scout trail, identify item boundaries, and replace the row with an item-level document candidate.",box/folder path; item title; item date; classification markings; page range; digital-object status,,Nonproliferation Regimes,Medium,Nonproliferation,NARA Scout candidate,National Archives Catalog,,NAID 40477999,fileUnit,,,"Source: National Archives Catalog, NAID 40477999. File-unit title: ""Nonproliferation"". File-unit lead surfaced for research triage; item-level document text, classification, date, and pagination pending.","File-unit lead surfaced for research triage; item-level document text, classification, date, and pagination pending.",https://catalog.archives.gov/id/40477999,,,,,,,,,,,,,,,,,,,,
28,Resolve file unit before selection,Resolve file unit,"Open the Catalog or Scout trail, identify item boundaries, and replace the row with an item-level document candidate.",box/folder path; item title; item date; classification markings; page range; digital-object status,,Nonproliferation Regimes,Medium,Nonproliferation - Talking Points,NARA Scout candidate,National Archives Catalog,,NAID 40478316,fileUnit,,,"Source: National Archives Catalog, NAID 40478316. File-unit title: ""Nonproliferation - Talking Points"". File-unit lead surfaced for research triage; item-level document text, classification, date, and pagination pending.","File-unit lead surfaced for research triage; item-level document text, classification, date, and pagination pending.",https://catalog.archives.gov/id/40478316,,,,,,,,,,,,,,,,,,,,
29,Resolve file unit before selection,Resolve file unit,"Open the Catalog or Scout trail, identify item boundaries, and replace the row with an item-level document candidate.",box/folder path; item title; item date; classification markings; page range; digital-object status,,Nonproliferation Regimes,Medium,Nuclear Smuggling,NARA Scout candidate,National Archives Catalog,,NAID 40478003,fileUnit,,,"Source: National Archives Catalog, NAID 40478003. File-unit title: ""Nuclear Smuggling"". File-unit lead surfaced for research triage; item-level document text, classification, date, and pagination pending.","File-unit lead surfaced for research triage; item-level document text, classification, date, and pagination pending.",https://catalog.archives.gov/id/40478003,,,,,,,,,,,,,,,,,,,,
30,Resolve file unit before selection,Resolve file unit,"Open the Catalog or Scout trail, identify item boundaries, and replace the row with an item-level document candidate.",box/folder path; item title; item date; classification markings; page range; digital-object status,,Counterproliferation,Medium,Chron File - April 1994 No. 2 [3],NARA Scout candidate,National Archives Catalog,Robert Bell's Files,NAID 122245993,fileUnit,,,"Source: National Archives Catalog, Robert Bell's Files, NAID 122245993. File-unit title: ""Chron File - April 1994 No. 2 [3]"". File-unit lead surfaced for research triage; item-level document text, classification, date, and pagination pending.","File-unit lead surfaced for research triage; item-level document text, classification, date, and pagination pending.",https://catalog.archives.gov/id/122245993,,,,,,,,,,,,,,,,,,,,
31,Resolve file unit before selection,Resolve file unit,"Open the Catalog or Scout trail, identify item boundaries, and replace the row with an item-level document candidate.",box/folder path; item title; item date; classification markings; page range; digital-object status,,Counterproliferation,Medium,Chron File - August 1994 No. 3 [3],NARA Scout candidate,National Archives Catalog,Robert Bell's Files,NAID 122246119,fileUnit,,,"Source: National Archives Catalog, Robert Bell's Files, NAID 122246119. File-unit title: ""Chron File - August 1994 No. 3 [3]"". File-unit lead surfaced for research triage; item-level document text, classification, date, and pagination pending.","File-unit lead surfaced for research triage; item-level document text, classification, date, and pagination pending.",https://catalog.archives.gov/id/122246119,,,,,,,,,,,,,,,,,,,,
32,Resolve file unit before selection,Resolve file unit,"Open the Catalog or Scout trail, identify item boundaries, and replace the row with an item-level document candidate.",box/folder path; item title; item date; classification markings; page range; digital-object status,,Counterproliferation,Review,Chron File - August 1994 No. 3 [5],NARA Scout candidate,National Archives Catalog,Robert Bell's Files,NAID 122246123,fileUnit,,,"Source: National Archives Catalog, Robert Bell's Files, NAID 122246123. File-unit title: ""Chron File - August 1994 No. 3 [5]"". File-unit lead surfaced for research triage; item-level document text, classification, date, and pagination pending.","File-unit lead surfaced for research triage; item-level document text, classification, date, and pagination pending.",https://catalog.archives.gov/id/122246123,,,,,,,,,,,,,,,,,,,,
33,Resolve file unit before selection,Resolve file unit,"Open the Catalog or Scout trail, identify item boundaries, and replace the row with an item-level document candidate.",box/folder path; item title; item date; classification markings; page range; digital-object status,,Counterproliferation,Review,Chron File - December 1994 No. 1 [5],NARA Scout candidate,National Archives Catalog,Robert Bell's Files,NAID 122246221,fileUnit,,,"Source: National Archives Catalog, Robert Bell's Files, NAID 122246221. File-unit title: ""Chron File - December 1994 No. 1 [5]"". File-unit lead surfaced for research triage; item-level document text, classification, date, and pagination pending.","File-unit lead surfaced for research triage; item-level document text, classification, date, and pagination pending.",https://catalog.archives.gov/id/122246221,,,,,,,,,,,,,,,,,,,,
34,Resolve file unit before selection,Resolve file unit,"Open the Catalog or Scout trail, identify item boundaries, and replace the row with an item-level document candidate.",box/folder path; item title; item date; classification markings; page range; digital-object status,,Counterproliferation,Review,Chron File - February 1994 No. 1 [2],NARA Scout candidate,National Archives Catalog,Robert Bell's Files,NAID 122245915,fileUnit,,,"Source: National Archives Catalog, Robert Bell's Files, NAID 122245915. File-unit title: ""Chron File - February 1994 No. 1 [2]"". File-unit lead surfaced for research triage; item-level document text, classification, date, and pagination pending.","File-unit lead surfaced for research triage; item-level document text, classification, date, and pagination pending.",https://catalog.archives.gov/id/122245915,,,,,,,,,,,,,,,,,,,,
35,Resolve file unit before selection,Resolve file unit,"Open the Catalog or Scout trail, identify item boundaries, and replace the row with an item-level document candidate.",box/folder path; item title; item date; classification markings; page range; digital-object status,,Counterproliferation,Review,Chron File - July 1993 No. 1 [5],NARA Scout candidate,National Archives Catalog,Robert Bell's Files,NAID 122245690,fileUnit,,,"Source: National Archives Catalog, Robert Bell's Files, NAID 122245690. File-unit title: ""Chron File - July 1993 No. 1 [5]"". File-unit lead surfaced for research triage; item-level document text, classification, date, and pagination pending.","File-unit lead surfaced for research triage; item-level document text, classification, date, and pagination pending.",https://catalog.archives.gov/id/122245690,,,,,,,,,,,,,,,,,,,,
36,Resolve file unit before selection,Resolve file unit,"Open the Catalog or Scout trail, identify item boundaries, and replace the row with an item-level document candidate.",box/folder path; item title; item date; classification markings; page range; digital-object status,,Counterproliferation,Review,Chron File - June 1993 No. 1 [1],NARA Scout candidate,National Archives Catalog,Robert Bell's Files,NAID 122245640,fileUnit,,,"Source: National Archives Catalog, Robert Bell's Files, NAID 122245640. File-unit title: ""Chron File - June 1993 No. 1 [1]"". File-unit lead surfaced for research triage; item-level document text, classification, date, and pagination pending.","File-unit lead surfaced for research triage; item-level document text, classification, date, and pagination pending.",https://catalog.archives.gov/id/122245640,,,,,,,,,,,,,,,,,,,,
37,Resolve file unit before selection,Resolve file unit,"Open the Catalog or Scout trail, identify item boundaries, and replace the row with an item-level document candidate.",box/folder path; item title; item date; classification markings; page range; digital-object status,,Counterproliferation,Review,Chron File - May 1994 No. 1 [5],NARA Scout candidate,National Archives Catalog,Robert Bell's Files,NAID 122246013,fileUnit,,,"Source: National Archives Catalog, Robert Bell's Files, NAID 122246013. File-unit title: ""Chron File - May 1994 No. 1 [5]"". File-unit lead surfaced for research triage; item-level document text, classification, date, and pagination pending.","File-unit lead surfaced for research triage; item-level document text, classification, date, and pagination pending.",https://catalog.archives.gov/id/122246013,,,,,,,,,,,,,,,,,,,,
38,Resolve file unit before selection,Resolve file unit,"Open the Catalog or Scout trail, identify item boundaries, and replace the row with an item-level document candidate.",box/folder path; item title; item date; classification markings; page range; digital-object status,,Counterproliferation,Review,Chron File - May 1994 No. 1 [7],NARA Scout candidate,National Archives Catalog,Robert Bell's Files,NAID 122246017,fileUnit,,,"Source: National Archives Catalog, Robert Bell's Files, NAID 122246017. File-unit title: ""Chron File - May 1994 No. 1 [7]"". File-unit lead surfaced for research triage; item-level document text, classification, date, and pagination pending.","File-unit lead surfaced for research triage; item-level document text, classification, date, and pagination pending.",https://catalog.archives.gov/id/122246017,,,,,,,,,,,,,,,,,,,,
39,Resolve file unit before selection,Resolve file unit,"Open the Catalog or Scout trail, identify item boundaries, and replace the row with an item-level document candidate.",box/folder path; item title; item date; classification markings; page range; digital-object status,,Counterproliferation,Review,Chron File - November 1994 No. 1 [2],NARA Scout candidate,National Archives Catalog,Robert Bell's Files,NAID 122246193,fileUnit,,,"Source: National Archives Catalog, Robert Bell's Files, NAID 122246193. File-unit title: ""Chron File - November 1994 No. 1 [2]"". File-unit lead surfaced for research triage; item-level document text, classification, date, and pagination pending.","File-unit lead surfaced for research triage; item-level document text, classification, date, and pagination pending.",https://catalog.archives.gov/id/122246193,,,,,,,,,,,,,,,,,,,,
40,Resolve file unit before selection,Resolve file unit,"Open the Catalog or Scout trail, identify item boundaries, and replace the row with an item-level document candidate.",box/folder path; item title; item date; classification markings; page range; digital-object status,,Counterproliferation,Review,Chron File - October 1994 No. 1 [1],NARA Scout candidate,National Archives Catalog,Robert Bell's Files,NAID 122246167,fileUnit,,,"Source: National Archives Catalog, Robert Bell's Files, NAID 122246167. File-unit title: ""Chron File - October 1994 No. 1 [1]"". File-unit lead surfaced for research triage; item-level document text, classification, date, and pagination pending.","File-unit lead surfaced for research triage; item-level document text, classification, date, and pagination pending.",https://catalog.archives.gov/id/122246167,,,,,,,,,,,,,,,,,,,,
41,Resolve file unit before selection,Resolve file unit,"Open the Catalog or Scout trail, identify item boundaries, and replace the row with an item-level document candidate.",box/folder path; item title; item date; classification markings; page range; digital-object status,1994,Regional Proliferation Cases,High,"North Korea - Negotiations with the Democratic Peoples' Republic of Korea (DPRK), 1994",Clinton Digital Library folder,Clinton Digital Library,Steven Aoki files,2009-0528-F Segment 2,fileUnit,Medium,Folder-level lead; needs item-level page screening.,"Source: Clinton Digital Library, Steven Aoki files, 2009-0528-F Segment 2. File-unit title: ""North Korea - Negotiations with the Democratic Peoples' Republic of Korea (DPRK), 1994"". File-unit lead surfaced for research triage; item-level document text, classification, date, and pagination pending.","File-unit lead surfaced for research triage; item-level document text, classification, date, and pagination pending.",https://clinton.presidentiallibraries.us/items/show/72779,,,,,,,,,,,,,,,,,,,,
42,Resolve file unit before selection,Resolve file unit,"Open the Catalog or Scout trail, identify item boundaries, and replace the row with an item-level document candidate.",box/folder path; item title; item date; classification markings; page range; digital-object status,,Regional Proliferation Cases,High,"Aoki Notes [G-7, North Korea] [2]",NARA Scout candidate,National Archives Catalog,,NAID 42219771,fileUnit,,,"Source: National Archives Catalog, NAID 42219771. File-unit title: ""Aoki Notes [G-7, North Korea] [2]"". File-unit lead surfaced for research triage; item-level document text, classification, date, and pagination pending.","File-unit lead surfaced for research triage; item-level document text, classification, date, and pagination pending.",https://catalog.archives.gov/id/42219771,,,,,,,,,,,,,,,,,,,,
43,Resolve file unit before selection,Resolve file unit,"Open the Catalog or Scout trail, identify item boundaries, and replace the row with an item-level document candidate.",box/folder path; item title; item date; classification markings; page range; digital-object status,,Regional Proliferation Cases,High,North Korea - Framework [1],NARA Scout candidate,National Archives Catalog,,NAID 42219814,fileUnit,,,"Source: National Archives Catalog, NAID 42219814. File-unit title: ""North Korea - Framework [1]"". File-unit lead surfaced for research triage; item-level document text, classification, date, and pagination pending.","File-unit lead surfaced for research triage; item-level document text, classification, date, and pagination pending.",https://catalog.archives.gov/id/42219814,,,,,,,,,,,,,,,,,,,,
44,Resolve file unit before selection,Resolve file unit,"Open the Catalog or Scout trail, identify item boundaries, and replace the row with an item-level document candidate.",box/folder path; item title; item date; classification markings; page range; digital-object status,,Regional Proliferation Cases,High,North Korea - Framework [10],NARA Scout candidate,National Archives Catalog,,NAID 42219823,fileUnit,,,"Source: National Archives Catalog, NAID 42219823. File-unit title: ""North Korea - Framework [10]"". File-unit lead surfaced for research triage; item-level document text, classification, date, and pagination pending.","File-unit lead surfaced for research triage; item-level document text, classification, date, and pagination pending.",https://catalog.archives.gov/id/42219823,,,,,,,,,,,,,,,,,,,,
45,Resolve file unit before selection,Resolve file unit,"Open the Catalog or Scout trail, identify item boundaries, and replace the row with an item-level document candidate.",box/folder path; item title; item date; classification markings; page range; digital-object status,,Regional Proliferation Cases,High,North Korea - Framework [11],NARA Scout candidate,National Archives Catalog,,NAID 42219824,fileUnit,,,"Source: National Archives Catalog, NAID 42219824. File-unit title: ""North Korea - Framework [11]"". File-unit lead surfaced for research triage; item-level document text, classification, date, and pagination pending.","File-unit lead surfaced for research triage; item-level document text, classification, date, and pagination pending.",https://catalog.archives.gov/id/42219824,,,,,,,,,,,,,,,,,,,,
46,Resolve file unit before selection,Resolve file unit,"Open the Catalog or Scout trail, identify item boundaries, and replace the row with an item-level document candidate.",box/folder path; item title; item date; classification markings; page range; digital-object status,,Regional Proliferation Cases,High,North Korea - Framework [2],NARA Scout candidate,National Archives Catalog,,NAID 42219815,fileUnit,,,"Source: National Archives Catalog, NAID 42219815. File-unit title: ""North Korea - Framework [2]"". File-unit lead surfaced for research triage; item-level document text, classification, date, and pagination pending.","File-unit lead surfaced for research triage; item-level document text, classification, date, and pagination pending.",https://catalog.archives.gov/id/42219815,,,,,,,,,,,,,,,,,,,,
47,Resolve file unit before selection,Resolve file unit,"Open the Catalog or Scout trail, identify item boundaries, and replace the row with an item-level document candidate.",box/folder path; item title; item date; classification markings; page range; digital-object status,,Regional Proliferation Cases,High,North Korea - Framework [3],NARA Scout candidate,National Archives Catalog,,NAID 42219816,fileUnit,,,"Source: National Archives Catalog, NAID 42219816. File-unit title: ""North Korea - Framework [3]"". File-unit lead surfaced for research triage; item-level document text, classification, date, and pagination pending.","File-unit lead surfaced for research triage; item-level document text, classification, date, and pagination pending.",https://catalog.archives.gov/id/42219816,,,,,,,,,,,,,,,,,,,,
48,Resolve file unit before selection,Resolve file unit,"Open the Catalog or Scout trail, identify item boundaries, and replace the row with an item-level document candidate.",box/folder path; item title; item date; classification markings; page range; digital-object status,,Regional Proliferation Cases,High,North Korea - Framework [5],NARA Scout candidate,National Archives Catalog,,NAID 42219818,fileUnit,,,"Source: National Archives Catalog, NAID 42219818. File-unit title: ""North Korea - Framework [5]"". File-unit lead surfaced for research triage; item-level document text, classification, date, and pagination pending.","File-unit lead surfaced for research triage; item-level document text, classification, date, and pagination pending.",https://catalog.archives.gov/id/42219818,,,,,,,,,,,,,,,,,,,,
49,Resolve file unit before selection,Resolve file unit,"Open the Catalog or Scout trail, identify item boundaries, and replace the row with an item-level document candidate.",box/folder path; item title; item date; classification markings; page range; digital-object status,,Regional Proliferation Cases,High,North Korea - Framework [7],NARA Scout candidate,National Archives Catalog,,NAID 42219820,fileUnit,,,"Source: National Archives Catalog, NAID 42219820. File-unit title: ""North Korea - Framework [7]"". File-unit lead surfaced for research triage; item-level document text, classification, date, and pagination pending.","File-unit lead surfaced for research triage; item-level document text, classification, date, and pagination pending.",https://catalog.archives.gov/id/42219820,,,,,,,,,,,,,,,,,,,,
50,Resolve file unit before selection,Resolve file unit,"Open the Catalog or Scout trail, identify item boundaries, and replace the row with an item-level document candidate.",box/folder path; item title; item date; classification markings; page range; digital-object status,,Regional Proliferation Cases,High,North Korea - Framework [9],NARA Scout candidate,National Archives Catalog,,NAID 42219822,fileUnit,,,"Source: National Archives Catalog, NAID 42219822. File-unit title: ""North Korea - Framework [9]"". File-unit lead surfaced for research triage; item-level document text, classification, date, and pagination pending.","File-unit lead surfaced for research triage; item-level document text, classification, date, and pagination pending.",https://catalog.archives.gov/id/42219822,,,,,,,,,,,,,,,,,,,,
51,Resolve file unit before selection,Resolve file unit,"Open the Catalog or Scout trail, identify item boundaries, and replace the row with an item-level document candidate.",box/folder path; item title; item date; classification markings; page range; digital-object status,,Regional Proliferation Cases,High,"North Korea - Principals’ and Deputies’ Meetings, 1994 [2]",NARA Scout candidate,National Archives Catalog,,NAID 42219832,fileUnit,,,"Source: National Archives Catalog, NAID 42219832. File-unit title: ""North Korea - Principals’ and Deputies’ Meetings, 1994 [2]"". File-unit lead surfaced for research triage; item-level document text, classification, date, and pagination pending.","File-unit lead surfaced for research triage; item-level document text, classification, date, and pagination pending.",https://catalog.archives.gov/id/42219832,,,,,,,,,,,,,,,,,,,,
52,Resolve file unit before selection,Resolve file unit,"Open the Catalog or Scout trail, identify item boundaries, and replace the row with an item-level document candidate.",box/folder path; item title; item date; classification markings; page range; digital-object status,,Regional Proliferation Cases,High,"North Korea - US Internal Decision-Making, 1994 [3]",NARA Scout candidate,National Archives Catalog,,NAID 42219838,fileUnit,,,"Source: National Archives Catalog, NAID 42219838. File-unit title: ""North Korea - US Internal Decision-Making, 1994 [3]"". File-unit lead surfaced for research triage; item-level document text, classification, date, and pagination pending.","File-unit lead surfaced for research triage; item-level document text, classification, date, and pagination pending.",https://catalog.archives.gov/id/42219838,,,,,,,,,,,,,,,,,,,,
53,Resolve file unit before selection,Resolve file unit,"Open the Catalog or Scout trail, identify item boundaries, and replace the row with an item-level document candidate.",box/folder path; item title; item date; classification markings; page range; digital-object status,,Regional Proliferation Cases,High,"North Korea - US Internal Decision-Making, 1994 [4]",NARA Scout candidate,National Archives Catalog,,NAID 42219839,fileUnit,,,"Source: National Archives Catalog, NAID 42219839. File-unit title: ""North Korea - US Internal Decision-Making, 1994 [4]"". File-unit lead surfaced for research triage; item-level document text, classification, date, and pagination pending.","File-unit lead surfaced for research triage; item-level document text, classification, date, and pagination pending.",https://catalog.archives.gov/id/42219839,,,,,,,,,,,,,,,,,,,,
54,Resolve file unit before selection,Resolve file unit,"Open the Catalog or Scout trail, identify item boundaries, and replace the row with an item-level document candidate.",box/folder path; item title; item date; classification markings; page range; digital-object status,,Chemical and Biological Weapons,High,Chemical Weapons Convention Statement 9/12/96,NARA Scout candidate,National Archives Catalog,,NAID 23903437,fileUnit,,,"Source: National Archives Catalog, NAID 23903437. File-unit title: ""Chemical Weapons Convention Statement 9/12/96"". File-unit lead surfaced for research triage; item-level document text, classification, date, and pagination pending.","File-unit lead surfaced for research triage; item-level document text, classification, date, and pagination pending.",https://catalog.archives.gov/id/23903437,,,,,,,,,,,,,,,,,,,,
55,Resolve file unit before selection,Resolve file unit,"Open the Catalog or Scout trail, identify item boundaries, and replace the row with an item-level document candidate.",box/folder path; item title; item date; classification markings; page range; digital-object status,,Chemical and Biological Weapons,Medium,Radio Address - Iraq & Chemical Weapons Convention 9/7/96,NARA Scout candidate,National Archives Catalog,,NAID 23903432,fileUnit,,,"Source: National Archives Catalog, NAID 23903432. File-unit title: ""Radio Address - Iraq & Chemical Weapons Convention 9/7/96"". File-unit lead surfaced for research triage; item-level document text, classification, date, and pagination pending.","File-unit lead surfaced for research triage; item-level document text, classification, date, and pagination pending.",https://catalog.archives.gov/id/23903432,,,,,,,,,,,,,,,,,,,,
56,Resolve file unit before selection,Resolve file unit,"Open the Catalog or Scout trail, identify item boundaries, and replace the row with an item-level document candidate.",box/folder path; item title; item date; classification markings; page range; digital-object status,,Conventional Arms and Landmines,Medium,Landmines,NARA Scout candidate,National Archives Catalog,,NAID 40477989,fileUnit,,,"Source: National Archives Catalog, NAID 40477989. File-unit title: ""Landmines"". File-unit lead surfaced for research triage; item-level document text, classification, date, and pagination pending.","File-unit lead surfaced for research triage; item-level document text, classification, date, and pagination pending.",https://catalog.archives.gov/id/40477989,,,,,,,,,,,,,,,,,,,,
57,Pull source path before selection,Pull source path,Use as a call-slip or search-path lead until a specific item-level record is located.,requestable identifier; box/folder title; item boundaries; date span; classification markings; selection relevance,1993-1996,NPT and CTBT,High,Nuclear Testing and Comprehensive Test Ban,Clinton Library finding aid,Clinton Presidential Library,FOIA 2011-0821-F,2011-0821-F,collection lead,High,"Collection lead, not item-level selection. Needs folder and page-level review.","Source: Clinton Presidential Library, FOIA 2011-0821-F, 2011-0821-F. Collection title: ""Nuclear Testing and Comprehensive Test Ban"". Collection-level lead; exact folder, item title, classification, and pagination pending.","Collection-level lead; exact folder, item title, classification, and pagination pending.",https://www.clintonlibrary.gov/research/archives/finding-aids/nuclear-testing-and-comprehensive-test-ban,,,,,,,,,,,,,,,,,,,,
58,Locator or date control only,Date/control anchor,"Use the date, public claim, or treaty-text endpoint; pair with internal policy, clearance, or implementation records before final selection.",published citation; policy claim to match; internal counterpart; chapter placement,1995-05-11,NPT and CTBT,High,Statement on Extension of the Nuclear Non-Proliferation Treaty,Public Papers,GovInfo,Public Papers of the Presidents,PPP-1995-book1-doc-pg680,published primary source,,,"Source: Public Papers of the Presidents of the United States: William J. Clinton, 1995, Book I, pp. 680-681, ""Statement on Extension of the Nuclear Non-Proliferation Treaty""; GovInfo.",Published primary source.,https://www.govinfo.gov/app/details/PPP-1995-book1/PPP-1995-book1-doc-pg680,https://www.govinfo.gov/content/pkg/PPP-1995-book1/pdf/PPP-1995-book1-doc-pg680.pdf,,,,,,,,,,,,,,,,,,,
59,Locator or date control only,Date/control anchor,"Use the date, public claim, or treaty-text endpoint; pair with internal policy, clearance, or implementation records before final selection.",published citation; policy claim to match; internal counterpart; chapter placement,1995-08-11,NPT and CTBT,High,Remarks Announcing Comprehensive Nuclear Weapons Test Ban Negotiations,Public Papers,GovInfo,Public Papers of the Presidents,PPP-1995-book2-doc-pg1251,published primary source,,,"Source: Public Papers of the Presidents of the United States: William J. Clinton, 1995, Book II, pp. 1251-1252, ""Remarks Announcing Comprehensive Nuclear Weapons Test Ban Negotiations""; GovInfo.",Published primary source.,https://www.govinfo.gov/app/details/PPP-1995-book2/PPP-1995-book2-doc-pg1251,https://www.govinfo.gov/content/pkg/PPP-1995-book2/pdf/PPP-1995-book2-doc-pg1251.pdf,,,,,,,,,,,,,,,,,,,
60,Locator or date control only,Date/control anchor,"Use the date, public claim, or treaty-text endpoint; pair with internal policy, clearance, or implementation records before final selection.",published citation; policy claim to match; internal counterpart; chapter placement,1995-08-11,NPT and CTBT,High,Statement on Comprehensive Nuclear Weapons Test Ban Negotiations,Public Papers,GovInfo,Public Papers of the Presidents,PPP-1995-book2-doc-pg1252,published primary source,,,"Source: Public Papers of the Presidents of the United States: William J. Clinton, 1995, Book II, pp. 1252-1253, ""Statement on Comprehensive Nuclear Weapons Test Ban Negotiations""; GovInfo.",Published primary source.,https://www.govinfo.gov/app/details/PPP-1995-book2/PPP-1995-book2-doc-pg1252,https://www.govinfo.gov/content/pkg/PPP-1995-book2/pdf/PPP-1995-book2-doc-pg1252.pdf,,,,,,,,,,,,,,,,,,,
61,Locator or date control only,Date/control anchor,"Use the date, public claim, or treaty-text endpoint; pair with internal policy, clearance, or implementation records before final selection.",published citation; policy claim to match; internal counterpart; chapter placement,1996-09-10,NPT and CTBT,High,Remarks on the Comprehensive Nuclear Test Ban Treaty and an Exchange With Reporters in Kansas City,Public Papers,GovInfo,Public Papers of the Presidents,PPP-1996-book2-doc-pg1525,published primary source,,,"Source: Public Papers of the Presidents of the United States: William J. Clinton, 1996, Book II, pp. 1525-1526, ""Remarks on the Comprehensive Nuclear Test Ban Treaty and an Exchange With Reporters in Kansas City""; GovInfo.",Published primary source.,https://www.govinfo.gov/app/details/PPP-1996-book2/PPP-1996-book2-doc-pg1525,https://www.govinfo.gov/content/pkg/PPP-1996-book2/pdf/PPP-1996-book2-doc-pg1525.pdf,,,,,,,,,,,,,,,,,,,
62,Locator or date control only,Date/control anchor,"Use the date, public claim, or treaty-text endpoint; pair with internal policy, clearance, or implementation records before final selection.",published citation; policy claim to match; internal counterpart; chapter placement,1997-09-23,NPT and CTBT,High,"Comprehensive Nuclear Test-Ban Treaty, Treaty Document 105-28",Congressional treaty document,Congress.gov,Senate Treaty Documents,Treaty Doc. 105-28,published primary source,High,"Late formal submission, but it preserves the signed September 24, 1996 treaty text and State Department analysis.","Source: Congress.gov, Senate Treaty Documents, Treaty Doc. 105-28. Title: ""Comprehensive Nuclear Test-Ban Treaty, Treaty Document 105-28"". Published primary-source record; use with internal policy files before final document selection.",Published primary-source record; use with internal policy files before final document selection.,https://www.congress.gov/treaty-document/105th-congress/28/document-text,,,,,,,,,,,,,,,,,,,,
63,Locator or date control only,Date/control anchor,"Use the date, public claim, or treaty-text endpoint; pair with internal policy, clearance, or implementation records before final selection.",published citation; policy claim to match; internal counterpart; chapter placement,1995-05-11,NPT and CTBT,Medium,The Nuclear Non-Proliferation Treaty,Congressional Record,Congress.gov,"Congressional Record, Senate","Cong. Rec. Vol. 141, No. 78",published primary source,Medium,Context source; should be paired with State/ACDA negotiating records before selection.,"Source: Congress.gov, Congressional Record, Senate, Cong. Rec. Vol. 141, No. 78. Title: ""The Nuclear Non-Proliferation Treaty"". Published primary-source record; use with internal policy files before final document selection.",Published primary-source record; use with internal policy files before final document selection.,https://www.congress.gov/congressional-record/volume-141/issue-78/senate-section/article/S6498-1,,,,,,,,,,,,,,,,,,,,
64,Locator or date control only,Date/control anchor,"Use the date, public claim, or treaty-text endpoint; pair with internal policy, clearance, or implementation records before final selection.",published citation; policy claim to match; internal counterpart; chapter placement,1994-09-29,Strategic Arms and Nuclear Security,High,Joint Statement on Strategic Stability and Nuclear Security,Public Papers,GovInfo,Public Papers of the Presidents,PPP-1994-book2-doc-pg1659,published primary source,,,"Source: Public Papers of the Presidents of the United States: William J. Clinton, 1994, Book II, pp. 1659-1661, ""Joint Statement on Strategic Stability and Nuclear Security""; GovInfo.",Published primary source.,https://www.govinfo.gov/app/details/PPP-1994-book2/PPP-1994-book2-doc-pg1659,https://www.govinfo.gov/content/pkg/PPP-1994-book2/pdf/PPP-1994-book2-doc-pg1659.pdf,,,,,,,,,,,,,,,,,,,
65,Locator or date control only,Date/control anchor,"Use the date, public claim, or treaty-text endpoint; pair with internal policy, clearance, or implementation records before final selection.",published citation; policy claim to match; internal counterpart; chapter placement,1995-05-10,Strategic Arms and Nuclear Security,High,Joint Statement on the Transparency and Irreversibility of the Process of Reducing Nuclear Weapons,Public Papers,GovInfo,Public Papers of the Presidents,PPP-1995-book1-doc-pg671,published primary source,,,"Source: Public Papers of the Presidents of the United States: William J. Clinton, 1995, Book I, pp. 671-672, ""Joint Statement on the Transparency and Irreversibility of the Process of Reducing Nuclear Weapons""; GovInfo.",Published primary source.,https://www.govinfo.gov/app/details/PPP-1995-book1/PPP-1995-book1-doc-pg671,https://www.govinfo.gov/content/pkg/PPP-1995-book1/pdf/PPP-1995-book1-doc-pg671.pdf,,,,,,,,,,,,,,,,,,,
66,Locator or date control only,Date/control anchor,"Use the date, public claim, or treaty-text endpoint; pair with internal policy, clearance, or implementation records before final selection.",published citation; policy claim to match; internal counterpart; chapter placement,1995-05-10,Strategic Arms and Nuclear Security,High,Russia-United States Joint Statement on Missile Systems,Public Papers,GovInfo,Public Papers of the Presidents,PPP-1995-book1-doc-pg667,published primary source,,,"Source: Public Papers of the Presidents of the United States: William J. Clinton, 1995, Book I, pp. 667-668, ""Russia-United States Joint Statement on Missile Systems""; GovInfo.",Published primary source.,https://www.govinfo.gov/app/details/PPP-1995-book1/PPP-1995-book1-doc-pg667,https://www.govinfo.gov/content/pkg/PPP-1995-book1/pdf/PPP-1995-book1-doc-pg667.pdf,,,,,,,,,,,,,,,,,,,
67,Locator or date control only,Date/control anchor,"Use the date, public claim, or treaty-text endpoint; pair with internal policy, clearance, or implementation records before final selection.",published citation; policy claim to match; internal counterpart; chapter placement,1995-12-15,START II Ratification,High,START II Treaty Executive Report,Senate executive report,Congress.gov,Senate Foreign Relations Committee,Ex. Rept. 104-10,published primary source,High,Essential legislative record; not a substitute for White House ratification strategy files.,"Source: Congress.gov, Senate Foreign Relations Committee, Ex. Rept. 104-10. Title: ""START II Treaty Executive Report"". Published primary-source record; use with internal policy files before final document selection.",Published primary-source record; use with internal policy files before final document selection.,https://www.congress.gov/congressional-record/volume-141/issue-200/senate-section/article/S18737-2,,,,,,,,,,,,,,,,,,,,
68,Locator or date control only,Date/control anchor,"Use the date, public claim, or treaty-text endpoint; pair with internal policy, clearance, or implementation records before final selection.",published citation; policy claim to match; internal counterpart; chapter placement,1995-12-22,START II Ratification,High,Treaty With the Russian Federation on Further Reduction and Limitation of Strategic Offensive Arms,Congressional Record,Congress.gov,"Congressional Record, Senate","Cong. Rec. Vol. 141, No. 207",published primary source,High,Debate source; selection should pair with internal White House/SFRC handling records.,"Source: Congress.gov, Congressional Record, Senate, Cong. Rec. Vol. 141, No. 207. Title: ""Treaty With the Russian Federation on Further Reduction and Limitation of Strategic Offensive Arms"". Published primary-source record; use with internal policy files before final document selection.",Published primary-source record; use with internal policy files before final document selection.,https://www.congress.gov/congressional-record/volume-141/issue-207/senate-section/article/S19206-1,,,,,,,,,,,,,,,,,,,,
69,Locator or date control only,Date/control anchor,"Use the date, public claim, or treaty-text endpoint; pair with internal policy, clearance, or implementation records before final selection.",published citation; policy claim to match; internal counterpart; chapter placement,1996-01-26,START II Ratification,High,Statement on Senate Ratification of the START II Nuclear Arms Reduction Treaty With Russia,Public Papers,GovInfo,Public Papers of the Presidents,PPP-1996-book1-doc-pg104,published primary source,,,"Source: Public Papers of the Presidents of the United States: William J. Clinton, 1996, Book I, pp. 104-105, ""Statement on Senate Ratification of the START II Nuclear Arms Reduction Treaty With Russia""; GovInfo.",Published primary source.,https://www.govinfo.gov/app/details/PPP-1996-book1/PPP-1996-book1-doc-pg104,https://www.govinfo.gov/content/pkg/PPP-1996-book1/pdf/PPP-1996-book1-doc-pg104.pdf,,,,,,,,,,,,,,,,,,,
70,Locator or date control only,Date/control anchor,"Use the date, public claim, or treaty-text endpoint; pair with internal policy, clearance, or implementation records before final selection.",published citation; policy claim to match; internal counterpart; chapter placement,1995-10-23,Cooperative Threat Reduction and HEU Agreement,High,Joint Statement With President Yeltsin on Nuclear Materials Security,Public Papers,GovInfo,Public Papers of the Presidents,PPP-1995-book2-doc-pg1663,published primary source,,,"Source: Public Papers of the Presidents of the United States: William J. Clinton, 1995, Book II, pp. 1663-1664, ""Joint Statement With President Yeltsin on Nuclear Materials Security""; GovInfo.",Published primary source.,https://www.govinfo.gov/app/details/PPP-1995-book2/PPP-1995-book2-doc-pg1663,https://www.govinfo.gov/content/pkg/PPP-1995-book2/pdf/PPP-1995-book2-doc-pg1663.pdf,,,,,,,,,,,,,,,,,,,
71,Locator or date control only,Date/control anchor,"Use the date, public claim, or treaty-text endpoint; pair with internal policy, clearance, or implementation records before final selection.",published citation; policy claim to match; internal counterpart; chapter placement,1996-04-21,Cooperative Threat Reduction and HEU Agreement,High,Russia-U.S. Joint Statement on the Highly Enriched Uranium Agreement: Transparency Measures,Public Papers,GovInfo,Public Papers of the Presidents,PPP-1996-book1-doc-pg617,published primary source,,,"Source: Public Papers of the Presidents of the United States: William J. Clinton, 1996, Book I, p. 617, ""Russia-U.S. Joint Statement on the Highly Enriched Uranium Agreement: Transparency Measures""; GovInfo.",Published primary source.,https://www.govinfo.gov/app/details/PPP-1996-book1/PPP-1996-book1-doc-pg617,https://www.govinfo.gov/content/pkg/PPP-1996-book1/pdf/PPP-1996-book1-doc-pg617.pdf,,,,,,,,,,,,,,,,,,,
72,Locator or date control only,Date/control anchor,"Use the date, public claim, or treaty-text endpoint; pair with internal policy, clearance, or implementation records before final selection.",published citation; policy claim to match; internal counterpart; chapter placement,1996-06-01,Cooperative Threat Reduction and HEU Agreement,High,Statement on Arms Reduction Agreements With Russia and Ukraine,Public Papers,GovInfo,Public Papers of the Presidents,PPP-1996-book1-doc-pg849,published primary source,,,"Source: Public Papers of the Presidents of the United States: William J. Clinton, 1996, Book I, pp. 849-850, ""Statement on Arms Reduction Agreements With Russia and Ukraine""; GovInfo.",Published primary source.,https://www.govinfo.gov/app/details/PPP-1996-book1/PPP-1996-book1-doc-pg849,https://www.govinfo.gov/content/pkg/PPP-1996-book1/pdf/PPP-1996-book1-doc-pg849.pdf,,,,,,,,,,,,,,,,,,,
73,Locator or date control only,Date/control anchor,"Use the date, public claim, or treaty-text endpoint; pair with internal policy, clearance, or implementation records before final selection.",published citation; policy claim to match; internal counterpart; chapter placement,1996-09-23,Cooperative Threat Reduction and HEU Agreement,Medium,Statement on Signing the National Defense Authorization Act for Fiscal Year 1997,Public Papers,GovInfo,Public Papers of the Presidents,PPP-1996-book2-doc-pg1645,published primary source,,,"Source: Public Papers of the Presidents of the United States: William J. Clinton, 1996, Book II, pp. 1645-1647, ""Statement on Signing the National Defense Authorization Act for Fiscal Year 1997""; GovInfo. Published primary source.",Published primary source.,https://www.govinfo.gov/app/details/PPP-1996-book2/PPP-1996-book2-doc-pg1645,https://www.govinfo.gov/content/pkg/PPP-1996-book2/pdf/PPP-1996-book2-doc-pg1645.pdf,,,,,,,,,,,,,,,,,,,
74,Locator or date control only,Date/control anchor,"Use the date, public claim, or treaty-text endpoint; pair with internal policy, clearance, or implementation records before final selection.",published citation; policy claim to match; internal counterpart; chapter placement,1996,Cooperative Threat Reduction and HEU Agreement,Medium,"Annual Defense Report, 1996",Department of Defense report,DOD Historical Office,Annual Defense Reports,1996 DoD Annual Report,published primary source,Medium,"Program context source; use for implementation frame, not as a substitute for CTR action memoranda.","Source: DOD Historical Office, Annual Defense Reports, 1996 DoD Annual Report. Title: ""Annual Defense Report, 1996"". Published primary source.",Published primary source.,https://history.defense.gov/Portals/70/Documents/annual_reports/1996_DoD_AR.pdf?ver=2014-06-24-153009-697,,,,,,,,,,,,,,,,,,,,
75,Locator or date control only,Date/control anchor,"Use the date, public claim, or treaty-text endpoint; pair with internal policy, clearance, or implementation records before final selection.",published citation; policy claim to match; internal counterpart; chapter placement,1996,Cooperative Threat Reduction and HEU Agreement,Medium,NMSS Licensee Newsletter on Russian HEU disposition and transparency measures,Nuclear Regulatory Commission notice,Nuclear Regulatory Commission,"NUREG/BR-0117, No. 96-1","NUREG/BR-0117, No. 96-1",published primary source,Medium,"Technical/regulatory context; pair with DOE, USEC, and NSC transparency records.","Source: Nuclear Regulatory Commission, NUREG/BR-0117, No. 96-1, NUREG/BR-0117, No. 96-1. Title: ""NMSS Licensee Newsletter on Russian HEU disposition and transparency measures"". Published primary source.",Published primary source.,https://www.nrc.gov/reading-rm/doc-collections/nuregs/brochures/br0117/961.html,,,,,,,,,,,,,,,,,,,,
76,Locator or date control only,Date/control anchor,"Use the date, public claim, or treaty-text endpoint; pair with internal policy, clearance, or implementation records before final selection.",published citation; policy claim to match; internal counterpart; chapter placement,1993-03-09,Nonproliferation Regimes,High,Statement on nuclear cooperation,Archived White House,Archived White House,Clinton administration public record,1993-03-09 White House statement,published primary source,,,"Source: Archived White House, Clinton administration public record, 1993-03-09 White House statement. Title: ""Statement on nuclear cooperation"". Published primary source.",Published primary source.,https://clintonwhitehouse6.archives.gov/1993/03/1993-03-09-statement-on-nuclear-cooperation.html,,,,,,,,,,,,,,,,,,,,
77,Locator or date control only,Date/control anchor,"Use the date, public claim, or treaty-text endpoint; pair with internal policy, clearance, or implementation records before final selection.",published citation; policy claim to match; internal counterpart; chapter placement,1993-09-27,Nonproliferation Regimes,High,Address to the United Nations General Assembly,Archived White House,Archived White House,Clinton administration public record,1993-09-27 UNGA address,published primary source,,,"Source: Archived White House, Clinton administration public record, 1993-09-27 UNGA address. Title: ""Address to the United Nations General Assembly"". Published primary source.",Published primary source.,https://clintonwhitehouse6.archives.gov/1993/09/1993-09-27-presidents-address-to-the-un.html,,,,,,,,,,,,,,,,,,,,
78,Locator or date control only,Date/control anchor,"Use the date, public claim, or treaty-text endpoint; pair with internal policy, clearance, or implementation records before final selection.",published citation; policy claim to match; internal counterpart; chapter placement,1995-05-10,Nonproliferation Regimes,High,Joint Statement on Nonproliferation,Public Papers,GovInfo,Public Papers of the Presidents,PPP-1995-book1-doc-pg669,published primary source,,,"Source: Public Papers of the Presidents of the United States: William J. Clinton, 1995, Book I, pp. 669-670, ""Joint Statement on Nonproliferation""; GovInfo.",Published primary source.,https://www.govinfo.gov/app/details/PPP-1995-book1/PPP-1995-book1-doc-pg669,https://www.govinfo.gov/content/pkg/PPP-1995-book1/pdf/PPP-1995-book1-doc-pg669.pdf,,,,,,,,,,,,,,,,,,,
79,Locator or date control only,Date/control anchor,"Use the date, public claim, or treaty-text endpoint; pair with internal policy, clearance, or implementation records before final selection.",published citation; policy claim to match; internal counterpart; chapter placement,1993-09-27,Counterproliferation,High,Fact Sheet on Nonproliferation and Export Control Policy,Archived White House,Archived White House,Clinton administration public record,1993-09-27 White House fact sheet,published primary source,,,"Source: Archived White House, Clinton administration public record, 1993-09-27 White House fact sheet. Title: ""Fact Sheet on Nonproliferation and Export Control Policy"". Published primary source.",Published primary source.,https://www.rertr.anl.gov/REFDOCS/PRES93NP.html,,,,,,,,,,,,,,,,,,,,
80,Locator or date control only,Date/control anchor,"Use the date, public claim, or treaty-text endpoint; pair with internal policy, clearance, or implementation records before final selection.",published citation; policy claim to match; internal counterpart; chapter placement,1993-12-07,Counterproliferation,High,PDD/NSC-18 Defense Counterproliferation Initiative,Department of Defense text,Department of Defense text,Clinton administration public record,PDD/NSC-18,published primary source,,,"Source: Department of Defense text, Clinton administration public record, PDD/NSC-18. Title: ""PDD/NSC-18 Defense Counterproliferation Initiative"". Published primary source.",Published primary source.,https://irp.fas.org/offdocs/pdd18.htm,,,,,,,,,,,,,,,,,,,,
81,Locator or date control only,Date/control anchor,"Use the date, public claim, or treaty-text endpoint; pair with internal policy, clearance, or implementation records before final selection.",published citation; policy claim to match; internal counterpart; chapter placement,1993-12-15,Counterproliferation,High,Remarks on the Resignation of Les Aspin as Secretary of Defense,Public Papers,GovInfo,Public Papers of the Presidents,PPP-1993-book2-doc-pg2177,published primary source,,,"Source: Public Papers of the Presidents of the United States: William J. Clinton, 1993, Book II, p. 2177, ""Remarks on the Resignation of Les Aspin as Secretary of Defense""; GovInfo. Published primary source.",Published primary source.,https://www.govinfo.gov/app/details/PPP-1993-book2/PPP-1993-book2-doc-pg2177,https://www.govinfo.gov/content/pkg/PPP-1993-book2/pdf/PPP-1993-book2-doc-pg2177.pdf,,,,,,,,,,,,,,,,,,,
82,Locator or date control only,Date/control anchor,"Use the date, public claim, or treaty-text endpoint; pair with internal policy, clearance, or implementation records before final selection.",published citation; policy claim to match; internal counterpart; chapter placement,1994-05-01,Counterproliferation,High,Nonproliferation and counterproliferation activities and programs,DOD technical report,OSTI,Office of the Deputy Secretary of Defense,OSTI ID 377259,published primary source,,,"Source: OSTI, Office of the Deputy Secretary of Defense, OSTI ID 377259. Title: ""Nonproliferation and counterproliferation activities and programs"". Published primary source.",Published primary source.,https://www.osti.gov/biblio/377259,,,,,,,,,,,,,,,,,,,,
83,Locator or date control only,Date/control anchor,"Use the date, public claim, or treaty-text endpoint; pair with internal policy, clearance, or implementation records before final selection.",published citation; policy claim to match; internal counterpart; chapter placement,1994-05-01,Counterproliferation,High,Nonproliferation and counterproliferation activities and programs,DOD technical report,OSTI,Office of the Deputy Secretary of Defense,OSTI ID 377259,published primary source,High,"Already listed; promoted here as an explicit bridge to State, Energy, IC, JCS, and ACDA source gaps.","Source: OSTI, Office of the Deputy Secretary of Defense, OSTI ID 377259. Title: ""Nonproliferation and counterproliferation activities and programs"". Published primary source.",Published primary source.,https://www.osti.gov/biblio/377259,,,,,,,,,,,,,,,,,,,,
84,Locator or date control only,Date/control anchor,"Use the date, public claim, or treaty-text endpoint; pair with internal policy, clearance, or implementation records before final selection.",published citation; policy claim to match; internal counterpart; chapter placement,1995-10-27,Counterproliferation,Medium,Counterproliferation: A National Security Priority,DOD speech text,OSTI,Office of the Under Secretary of Defense (Acquisition),OSTI ID 612135,published primary source,,,"Source: OSTI, Office of the Under Secretary of Defense (Acquisition), OSTI ID 612135. Title: ""Counterproliferation: A National Security Priority"". Published primary source.",Published primary source.,https://www.osti.gov/biblio/612135,,,,,,,,,,,,,,,,,,,,
85,Locator or date control only,Date/control anchor,"Use the date, public claim, or treaty-text endpoint; pair with internal policy, clearance, or implementation records before final selection.",published citation; policy claim to match; internal counterpart; chapter placement,1996-02-22,Counterproliferation,Medium,Worldwide Threat Assessment and proliferation threat record,Intelligence-community source lead,CIA / congressional testimony trail,DCI threat assessment source path,DCI Deutch threat-assessment lead,source-path lead,Review,"Non-official mirror used as locator; replace with official CIA, SSCI, or GovInfo text before final use.","Source: CIA / congressional testimony trail, DCI threat assessment source path, DCI Deutch threat-assessment lead. Title: ""Worldwide Threat Assessment and proliferation threat record"". Source-path lead; replace with an item-level archival citation before final FRUS selection.",Source-path lead; replace with an item-level archival citation before final FRUS selection.,https://irp.fas.org/threat/wmd.htm,,,,,,,,,,,,,,,,,,,,
86,Locator or date control only,Date/control anchor,"Use the date, public claim, or treaty-text endpoint; pair with internal policy, clearance, or implementation records before final selection.",published citation; policy claim to match; internal counterpart; chapter placement,1994-10-18,Regional Proliferation Cases,High,Remarks on the Nuclear Agreement With North Korea,Public Papers,GovInfo,Public Papers of the Presidents,PPP-1994-book2-doc-pg1794,published primary source,,,"Source: Public Papers of the Presidents of the United States: William J. Clinton, 1994, Book II, pp. 1794-1795, ""Remarks on the Nuclear Agreement With North Korea""; GovInfo.",Published primary source.,https://www.govinfo.gov/app/details/PPP-1994-book2/PPP-1994-book2-doc-pg1794,https://www.govinfo.gov/content/pkg/PPP-1994-book2/pdf/PPP-1994-book2-doc-pg1794.pdf,,,,,,,,,,,,,,,,,,,
87,Locator or date control only,Date/control anchor,"Use the date, public claim, or treaty-text endpoint; pair with internal policy, clearance, or implementation records before final selection.",published citation; policy claim to match; internal counterpart; chapter placement,1993-11-23,Chemical and Biological Weapons,High,"Chemical Weapons Convention, Treaty Document 103-21",Congressional treaty document,Congress.gov,Senate Treaty Documents,Treaty Doc. 103-21,published primary source metadata,High,"Congress.gov does not provide pre-1995 full treaty text, but the treaty-document metadata and Senate action trail are authoritative.","Source: Congress.gov, Senate Treaty Documents, Treaty Doc. 103-21. Title: ""Chemical Weapons Convention, Treaty Document 103-21"". Published primary-source record; use with internal policy files before final document selection.",Published primary-source record; use with internal policy files before final document selection.,https://www.congress.gov/treaty-document/103rd-congress/21/document-text,,,,,,,,,,,,,,,,,,,,
88,Locator or date control only,Date/control anchor,"Use the date, public claim, or treaty-text endpoint; pair with internal policy, clearance, or implementation records before final selection.",published citation; policy claim to match; internal counterpart; chapter placement,1995-02-16,Chemical and Biological Weapons,High,Letter to Congress on chemical and biological weapons,Archived White House,Archived White House,Clinton administration public record,1995-02-16 CBW report letter,published primary source,,,"Source: Archived White House, Clinton administration public record, 1995-02-16 CBW report letter. Title: ""Letter to Congress on chemical and biological weapons"". Published primary source.",Published primary source.,https://clintonwhitehouse6.archives.gov/1995/02/1995-02-16-letter-to-congress-on-chemical-and-biological-weapons.html,,,,,,,,,,,,,,,,,,,,
89,Locator or date control only,Date/control anchor,"Use the date, public claim, or treaty-text endpoint; pair with internal policy, clearance, or implementation records before final selection.",published citation; policy claim to match; internal counterpart; chapter placement,1996-09-11,Chemical and Biological Weapons,High,The Chemical Weapons Convention Executive Report,Senate executive report,Congress.gov,Senate Foreign Relations Committee,Ex. Rept. 104-33,published primary source,High,Essential legislative record; pair with NSC/ACDA/State files on CWC conditions and implementation.,"Source: Congress.gov, Senate Foreign Relations Committee, Ex. Rept. 104-33. Title: ""The Chemical Weapons Convention Executive Report"". Published primary-source record; use with internal policy files before final document selection.",Published primary-source record; use with internal policy files before final document selection.,https://www.congress.gov/congressional-report/104th-congress/executive-report/33/1,,,,,,,,,,,,,,,,,,,,
90,Locator or date control only,Date/control anchor,"Use the date, public claim, or treaty-text endpoint; pair with internal policy, clearance, or implementation records before final selection.",published citation; policy claim to match; internal counterpart; chapter placement,1996-11-12,Chemical and Biological Weapons,High,Letter on actions against weapons of mass destruction,Archived White House,Archived White House,Clinton administration public record,1996-11-12 WMD/CBW report letter,published primary source,,,"Source: Archived White House, Clinton administration public record, 1996-11-12 WMD/CBW report letter. Title: ""Letter on actions against weapons of mass destruction"". Published primary source.",Published primary source.,https://clintonwhitehouse6.archives.gov/1996/11/1996-11-12-letter-on-actions-vs-mass-destruction-weapons.html,,,,,,,,,,,,,,,,,,,,
91,Locator or date control only,Date/control anchor,"Use the date, public claim, or treaty-text endpoint; pair with internal policy, clearance, or implementation records before final selection.",published citation; policy claim to match; internal counterpart; chapter placement,1996-04-25,Chemical and Biological Weapons,Medium,Anthony Lake address on the arms-control agenda,Archived White House,Archived White House,Clinton administration public record,1996-04-25 Fletcher School address,published primary source,,,"Source: Archived White House, Clinton administration public record, 1996-04-25 Fletcher School address. Title: ""Anthony Lake address on the arms-control agenda"". Published primary source.",Published primary source.,https://clintonwhitehouse6.archives.gov/1996/04/1996-04-25-anthony-lake-address-to-the-fletcher-school.html,,,,,,,,,,,,,,,,,,,,
92,Locator or date control only,Date/control anchor,"Use the date, public claim, or treaty-text endpoint; pair with internal policy, clearance, or implementation records before final selection.",published citation; policy claim to match; internal counterpart; chapter placement,1996-11-25,Chemical and Biological Weapons,Medium,Biological Weapons Convention review-conference source trail,Congressional Record,Congress.gov,"Congressional Record, Senate",BWC Fourth Review Conference lead,published primary source,Review,1997 printed context for a November-December 1996 conference; find the contemporaneous State/ACDA cable or BWC conference record before selection.,"Source: Congress.gov, Congressional Record, Senate, BWC Fourth Review Conference lead. Title: ""Biological Weapons Convention review-conference source trail"". Published primary-source record; use with internal policy files before final document selection.",Published primary-source record; use with internal policy files before final document selection.,https://www.congress.gov/congressional-record/volume-143/issue-159/senate-section/article/S12504-4,,,,,,,,,,,,,,,,,,,,
93,Locator or date control only,Date/control anchor,"Use the date, public claim, or treaty-text endpoint; pair with internal policy, clearance, or implementation records before final selection.",published citation; policy claim to match; internal counterpart; chapter placement,1994-09-26,Conventional Arms and Landmines,High,Fact Sheet: U.S. Policy on a Landmine Control Regime,Archived White House,Clinton White House archive,Archived White House fact sheets,1994-09-26 landmine fact sheet,published primary source,High,Public anchor; pair with NSC/State/DOD policy records and CCW negotiating files.,"Source: Clinton White House archive, Archived White House fact sheets, 1994-09-26 landmine fact sheet. Title: ""Fact Sheet: U.S. Policy on a Landmine Control Regime"". Published primary source.",Published primary source.,https://clintonwhitehouse6.archives.gov/1994/09/1994-09-26-fact-sheet-us-policy-on-a-landmine-control-regime-a.html,,,,,,,,,,,,,,,,,,,,
94,Locator or date control only,Date/control anchor,"Use the date, public claim, or treaty-text endpoint; pair with internal policy, clearance, or implementation records before final selection.",published citation; policy claim to match; internal counterpart; chapter placement,1995,Conventional Arms and Landmines,Medium,Convention on Prohibitions or Restrictions on the Use of Certain Conventional Weapons,Senate executive report,Congress.gov,Senate Foreign Relations Committee,Ex. Rept. 104-1,published primary source,Medium,Treaty context; use to structure CCW/Protocol II follow-up searches.,"Source: Congress.gov, Senate Foreign Relations Committee, Ex. Rept. 104-1. Title: ""Convention on Prohibitions or Restrictions on the Use of Certain Conventional Weapons"". Published primary-source record; use with internal policy files before final document selection.",Published primary-source record; use with internal policy files before final document selection.,https://www.congress.gov/congressional-report/104th-congress/executive-report/1/1,,,,,,,,,,,,,,,,,,,,
95,Locator or date control only,Date/control anchor,"Use the date, public claim, or treaty-text endpoint; pair with internal policy, clearance, or implementation records before final selection.",published citation; policy claim to match; internal counterpart; chapter placement,1996-06-14,Conventional Arms and Landmines,Medium,President Clinton's Decision on Landmine Use,Congressional Record,Congress.gov,"Congressional Record, Senate","Cong. Rec. Vol. 142, No. 88",published primary source,Medium,"Use as congressional reaction; locate underlying White House, DOD, and State decision records.","Source: Congress.gov, Congressional Record, Senate, Cong. Rec. Vol. 142, No. 88. Title: ""President Clinton's Decision on Landmine Use"". Published primary-source record; use with internal policy files before final document selection.",Published primary-source record; use with internal policy files before final document selection.,https://www.congress.gov/congressional-record/volume-142/issue-88/senate-section/article/S6311-3,,,,,,,,,,,,,,,,,,,,
